date,headline_cpi,core_cpi
1947-01-01,21.48,
1947-02-01,21.62,
1947-03-01,22.0,
1947-04-01,22.0,
1947-05-01,21.95,
1947-06-01,22.08,
1947-07-01,22.23,
1947-08-01,22.4,
1947-09-01,22.84,
1947-10-01,22.91,
1947-11-01,23.06,
1947-12-01,23.41,
1948-01-01,23.68,
1948-02-01,23.67,
1948-03-01,23.5,
1948-04-01,23.82,
1948-05-01,24.01,
1948-06-01,24.15,
1948-07-01,24.4,
1948-08-01,24.43,
1948-09-01,24.36,
1948-10-01,24.31,
1948-11-01,24.16,
1948-12-01,24.05,
1949-01-01,24.01,
1949-02-01,23.91,
1949-03-01,23.91,
1949-04-01,23.92,
1949-05-01,23.91,
1949-06-01,23.92,
1949-07-01,23.7,
1949-08-01,23.7,
1949-09-01,23.75,
1949-10-01,23.67,
1949-11-01,23.7,
1949-12-01,23.61,
1950-01-01,23.51,
1950-02-01,23.61,
1950-03-01,23.64,
1950-04-01,23.65,
1950-05-01,23.77,
1950-06-01,23.88,
1950-07-01,24.07,
1950-08-01,24.2,
1950-09-01,24.34,
1950-10-01,24.5,
1950-11-01,24.6,
1950-12-01,24.98,
1951-01-01,25.38,
1951-02-01,25.83,
1951-03-01,25.88,
1951-04-01,25.92,
1951-05-01,25.99,
1951-06-01,25.93,
1951-07-01,25.91,
1951-08-01,25.86,
1951-09-01,26.03,
1951-10-01,26.16,
1951-11-01,26.32,
1951-12-01,26.47,
1952-01-01,26.45,
1952-02-01,26.41,
1952-03-01,26.39,
1952-04-01,26.46,
1952-05-01,26.47,
1952-06-01,26.53,
1952-07-01,26.68,
1952-08-01,26.69,
1952-09-01,26.63,
1952-10-01,26.69,
1952-11-01,26.69,
1952-12-01,26.71,
1953-01-01,26.64,
1953-02-01,26.59,
1953-03-01,26.63,
1953-04-01,26.69,
1953-05-01,26.7,
1953-06-01,26.77,
1953-07-01,26.79,
1953-08-01,26.85,
1953-09-01,26.89,
1953-10-01,26.95,
1953-11-01,26.85,
1953-12-01,26.87,
1954-01-01,26.94,
1954-02-01,26.99,
1954-03-01,26.93,
1954-04-01,26.86,
1954-05-01,26.93,
1954-06-01,26.94,
1954-07-01,26.86,
1954-08-01,26.85,
1954-09-01,26.81,
1954-10-01,26.72,
1954-11-01,26.78,
1954-12-01,26.77,
1955-01-01,26.77,
1955-02-01,26.82,
1955-03-01,26.79,
1955-04-01,26.79,
1955-05-01,26.77,
1955-06-01,26.71,
1955-07-01,26.76,
1955-08-01,26.72,
1955-09-01,26.85,
1955-10-01,26.82,
1955-11-01,26.88,
1955-12-01,26.87,
1956-01-01,26.83,
1956-02-01,26.86,
1956-03-01,26.89,
1956-04-01,26.93,
1956-05-01,27.03,
1956-06-01,27.15,
1956-07-01,27.29,
1956-08-01,27.31,
1956-09-01,27.35,
1956-10-01,27.51,
1956-11-01,27.51,
1956-12-01,27.63,
1957-01-01,27.67,28.5
1957-02-01,27.8,28.6
1957-03-01,27.86,28.7
1957-04-01,27.93,28.8
1957-05-01,28.0,28.8
1957-06-01,28.11,28.9
1957-07-01,28.19,29.0
1957-08-01,28.28,29.0
1957-09-01,28.32,29.1
1957-10-01,28.32,29.2
1957-11-01,28.41,29.3
1957-12-01,28.47,29.3
1958-01-01,28.64,29.3
1958-02-01,28.7,29.4
1958-03-01,28.87,29.5
1958-04-01,28.94,29.5
1958-05-01,28.94,29.5
1958-06-01,28.91,29.6
1958-07-01,28.89,29.6
1958-08-01,28.94,29.6
1958-09-01,28.91,29.7
1958-10-01,28.91,29.7
1958-11-01,28.95,29.8
1958-12-01,28.97,29.9
1959-01-01,29.01,29.9
1959-02-01,29.0,29.9
1959-03-01,28.97,30.0
1959-04-01,28.98,30.0
1959-05-01,29.04,30.1
1959-06-01,29.11,30.2
1959-07-01,29.15,30.2
1959-08-01,29.18,30.2
1959-09-01,29.25,30.3
1959-10-01,29.35,30.4
1959-11-01,29.35,30.4
1959-12-01,29.41,30.5
1960-01-01,29.37,30.5
1960-02-01,29.41,30.6
1960-03-01,29.41,30.6
1960-04-01,29.54,30.6
1960-05-01,29.57,30.6
1960-06-01,29.61,30.7
1960-07-01,29.55,30.6
1960-08-01,29.61,30.6
1960-09-01,29.61,30.6
1960-10-01,29.75,30.8
1960-11-01,29.78,30.8
1960-12-01,29.81,30.7
1961-01-01,29.84,30.8
1961-02-01,29.84,30.8
1961-03-01,29.84,30.9
1961-04-01,29.81,30.9
1961-05-01,29.84,30.9
1961-06-01,29.84,31.0
1961-07-01,29.92,31.0
1961-08-01,29.94,31.1
1961-09-01,29.98,31.1
1961-10-01,29.98,31.1
1961-11-01,29.98,31.2
1961-12-01,30.01,31.2
1962-01-01,30.04,31.2
1962-02-01,30.11,31.2
1962-03-01,30.17,31.3
1962-04-01,30.21,31.3
1962-05-01,30.24,31.4
1962-06-01,30.21,31.4
1962-07-01,30.22,31.4
1962-08-01,30.28,31.5
1962-09-01,30.42,31.5
1962-10-01,30.38,31.5
1962-11-01,30.38,31.5
1962-12-01,30.38,31.6
1963-01-01,30.44,31.5
1963-02-01,30.48,31.6
1963-03-01,30.51,31.7
1963-04-01,30.48,31.7
1963-05-01,30.51,31.7
1963-06-01,30.61,31.8
1963-07-01,30.69,31.8
1963-08-01,30.75,31.9
1963-09-01,30.72,31.9
1963-10-01,30.75,32.0
1963-11-01,30.78,32.0
1963-12-01,30.88,32.1
1964-01-01,30.94,32.2
1964-02-01,30.91,32.2
1964-03-01,30.94,32.2
1964-04-01,30.95,32.2
1964-05-01,30.98,32.2
1964-06-01,31.01,32.3
1964-07-01,31.02,32.3
1964-08-01,31.05,32.3
1964-09-01,31.08,32.3
1964-10-01,31.12,32.4
1964-11-01,31.21,32.5
1964-12-01,31.25,32.5
1965-01-01,31.28,32.6
1965-02-01,31.28,32.6
1965-03-01,31.31,32.6
1965-04-01,31.38,32.7
1965-05-01,31.48,32.7
1965-06-01,31.61,32.7
1965-07-01,31.58,32.7
1965-08-01,31.55,32.7
1965-09-01,31.62,32.8
1965-10-01,31.65,32.8
1965-11-01,31.75,32.9
1965-12-01,31.85,33.0
1966-01-01,31.88,33.0
1966-02-01,32.08,33.1
1966-03-01,32.18,33.1
1966-04-01,32.28,33.3
1966-05-01,32.35,33.4
1966-06-01,32.38,33.5
1966-07-01,32.45,33.6
1966-08-01,32.65,33.7
1966-09-01,32.75,33.8
1966-10-01,32.85,34.0
1966-11-01,32.88,34.0
1966-12-01,32.92,34.1
1967-01-01,32.9,34.2
1967-02-01,33.0,34.2
1967-03-01,33.0,34.3
1967-04-01,33.1,34.4
1967-05-01,33.1,34.5
1967-06-01,33.3,34.6
1967-07-01,33.4,34.7
1967-08-01,33.5,34.9
1967-09-01,33.6,35.0
1967-10-01,33.7,35.1
1967-11-01,33.9,35.2
1967-12-01,34.0,35.4
1968-01-01,34.1,35.5
1968-02-01,34.2,35.7
1968-03-01,34.3,35.8
1968-04-01,34.4,35.9
1968-05-01,34.5,36.0
1968-06-01,34.7,36.2
1968-07-01,34.9,36.4
1968-08-01,35.0,36.5
1968-09-01,35.1,36.7
1968-10-01,35.3,36.9
1968-11-01,35.4,37.1
1968-12-01,35.6,37.2
1969-01-01,35.7,37.3
1969-02-01,35.8,37.6
1969-03-01,36.1,37.8
1969-04-01,36.3,38.1
1969-05-01,36.4,38.1
1969-06-01,36.6,38.3
1969-07-01,36.8,38.5
1969-08-01,36.9,38.7
1969-09-01,37.1,38.9
1969-10-01,37.3,39.1
1969-11-01,37.5,39.2
1969-12-01,37.7,39.4
1970-01-01,37.9,39.6
1970-02-01,38.1,39.8
1970-03-01,38.3,40.1
1970-04-01,38.5,40.4
1970-05-01,38.6,40.5
1970-06-01,38.8,40.8
1970-07-01,38.9,40.9
1970-08-01,39.0,41.1
1970-09-01,39.2,41.3
1970-10-01,39.4,41.5
1970-11-01,39.6,41.8
1970-12-01,39.8,42.0
1971-01-01,39.9,42.1
1971-02-01,39.9,42.2
1971-03-01,40.0,42.2
1971-04-01,40.1,42.4
1971-05-01,40.3,42.6
1971-06-01,40.5,42.8
1971-07-01,40.6,42.9
1971-08-01,40.7,43.0
1971-09-01,40.8,43.0
1971-10-01,40.9,43.1
1971-11-01,41.0,43.2
1971-12-01,41.1,43.3
1972-01-01,41.2,43.5
1972-02-01,41.4,43.6
1972-03-01,41.4,43.6
1972-04-01,41.5,43.8
1972-05-01,41.6,43.9
1972-06-01,41.7,44.0
1972-07-01,41.8,44.1
1972-08-01,41.9,44.3
1972-09-01,42.1,44.3
1972-10-01,42.2,44.4
1972-11-01,42.4,44.4
1972-12-01,42.5,44.6
1973-01-01,42.7,44.6
1973-02-01,43.0,44.8
1973-03-01,43.4,45.0
1973-04-01,43.7,45.1
1973-05-01,43.9,45.3
1973-06-01,44.2,45.4
1973-07-01,44.2,45.5
1973-08-01,45.0,45.7
1973-09-01,45.2,46.0
1973-10-01,45.6,46.3
1973-11-01,45.9,46.5
1973-12-01,46.3,46.7
1974-01-01,46.8,46.9
1974-02-01,47.3,47.2
1974-03-01,47.8,47.6
1974-04-01,48.1,47.9
1974-05-01,48.6,48.5
1974-06-01,49.0,49.0
1974-07-01,49.3,49.5
1974-08-01,49.9,50.2
1974-09-01,50.6,50.7
1974-10-01,51.0,51.2
1974-11-01,51.5,51.6
1974-12-01,51.9,52.0
1975-01-01,52.3,52.3
1975-02-01,52.6,52.8
1975-03-01,52.8,53.0
1975-04-01,53.0,53.3
1975-05-01,53.1,53.5
1975-06-01,53.5,53.8
1975-07-01,54.0,54.0
1975-08-01,54.2,54.2
1975-09-01,54.6,54.5
1975-10-01,54.9,54.8
1975-11-01,55.3,55.2
1975-12-01,55.6,55.5
1976-01-01,55.8,55.9
1976-02-01,55.9,56.2
1976-03-01,56.0,56.5
1976-04-01,56.1,56.7
1976-05-01,56.4,57.0
1976-06-01,56.7,57.2
1976-07-01,57.0,57.6
1976-08-01,57.3,57.9
1976-09-01,57.6,58.2
1976-10-01,57.9,58.5
1976-11-01,58.1,58.7
1976-12-01,58.4,58.9
1977-01-01,58.7,59.3
1977-02-01,59.3,59.7
1977-03-01,59.6,60.0
1977-04-01,60.0,60.3
1977-05-01,60.2,60.6
1977-06-01,60.5,61.0
1977-07-01,60.8,61.2
1977-08-01,61.1,61.5
1977-09-01,61.3,61.8
1977-10-01,61.6,62.0
1977-11-01,62.0,62.3
1977-12-01,62.3,62.7
1978-01-01,62.7,63.1
1978-02-01,63.0,63.4
1978-03-01,63.4,63.8
1978-04-01,63.9,64.3
1978-05-01,64.5,64.7
1978-06-01,65.0,65.2
1978-07-01,65.5,65.6
1978-08-01,65.9,66.1
1978-09-01,66.5,66.7
1978-10-01,67.1,67.2
1978-11-01,67.5,67.6
1978-12-01,67.9,68.0
1979-01-01,68.5,68.5
1979-02-01,69.2,69.2
1979-03-01,69.9,69.8
1979-04-01,70.6,70.3
1979-05-01,71.4,70.8
1979-06-01,72.2,71.3
1979-07-01,73.0,71.9
1979-08-01,73.7,72.7
1979-09-01,74.4,73.3
1979-10-01,75.2,74.0
1979-11-01,76.0,74.8
1979-12-01,76.9,75.7
1980-01-01,78.0,76.7
1980-02-01,79.0,77.5
1980-03-01,80.1,78.6
1980-04-01,80.9,79.5
1980-05-01,81.7,80.1
1980-06-01,82.5,81.0
1980-07-01,82.6,80.8
1980-08-01,83.2,81.3
1980-09-01,83.9,82.1
1980-10-01,84.7,83.0
1980-11-01,85.6,83.9
1980-12-01,86.4,84.9
1981-01-01,87.2,85.4
1981-02-01,88.0,85.9
1981-03-01,88.6,86.4
1981-04-01,89.1,87.0
1981-05-01,89.7,87.8
1981-06-01,90.5,88.6
1981-07-01,91.5,89.8
1981-08-01,92.2,90.7
1981-09-01,93.1,91.8
1981-10-01,93.4,92.1
1981-11-01,93.8,92.5
1981-12-01,94.1,93.0
1982-01-01,94.4,93.3
1982-02-01,94.7,93.8
1982-03-01,94.7,93.9
1982-04-01,95.0,94.7
1982-05-01,95.9,95.4
1982-06-01,97.0,96.1
1982-07-01,97.5,96.7
1982-08-01,97.7,97.1
1982-09-01,97.7,97.2
1982-10-01,98.1,97.5
1982-11-01,98.0,97.3
1982-12-01,97.7,97.2
1983-01-01,97.9,97.6
1983-02-01,98.0,98.0
1983-03-01,98.1,98.2
1983-04-01,98.8,98.6
1983-05-01,99.2,98.9
1983-06-01,99.4,99.2
1983-07-01,99.8,99.8
1983-08-01,100.1,100.1
1983-09-01,100.4,100.5
1983-10-01,100.8,101.0
1983-11-01,101.1,101.5
1983-12-01,101.4,101.8
1984-01-01,102.1,102.5
1984-02-01,102.6,102.8
1984-03-01,102.9,103.2
1984-04-01,103.3,103.7
1984-05-01,103.5,104.1
1984-06-01,103.7,104.5
1984-07-01,104.1,105.0
1984-08-01,104.4,105.4
1984-09-01,104.7,105.8
1984-10-01,105.1,106.2
1984-11-01,105.3,106.4
1984-12-01,105.5,106.8
1985-01-01,105.7,107.1
1985-02-01,106.3,107.7
1985-03-01,106.8,108.1
1985-04-01,107.0,108.4
1985-05-01,107.2,108.8
1985-06-01,107.5,109.1
1985-07-01,107.7,109.4
1985-08-01,107.9,109.8
1985-09-01,108.1,110.0
1985-10-01,108.5,110.5
1985-11-01,109.0,111.1
1985-12-01,109.5,111.4
1986-01-01,109.9,111.9
1986-02-01,109.7,112.2
1986-03-01,109.1,112.5
1986-04-01,108.7,112.9
1986-05-01,109.0,113.1
1986-06-01,109.4,113.4
1986-07-01,109.5,113.8
1986-08-01,109.6,114.2
1986-09-01,110.0,114.6
1986-10-01,110.2,115.0
1986-11-01,110.4,115.3
1986-12-01,110.8,115.6
1987-01-01,111.4,115.9
1987-02-01,111.8,116.2
1987-03-01,112.2,116.6
1987-04-01,112.7,117.3
1987-05-01,113.0,117.7
1987-06-01,113.5,117.9
1987-07-01,113.8,118.3
1987-08-01,114.3,118.7
1987-09-01,114.7,119.2
1987-10-01,115.0,119.8
1987-11-01,115.4,120.1
1987-12-01,115.6,120.4
1988-01-01,116.0,120.9
1988-02-01,116.2,121.2
1988-03-01,116.5,121.7
1988-04-01,117.2,122.3
1988-05-01,117.5,122.7
1988-06-01,118.0,123.2
1988-07-01,118.5,123.6
1988-08-01,119.0,124.0
1988-09-01,119.5,124.7
1988-10-01,119.9,125.2
1988-11-01,120.3,125.6
1988-12-01,120.7,126.0
1989-01-01,121.2,126.5
1989-02-01,121.6,126.9
1989-03-01,122.2,127.4
1989-04-01,123.1,127.8
1989-05-01,123.7,128.3
1989-06-01,124.1,128.8
1989-07-01,124.5,129.2
1989-08-01,124.5,129.5
1989-09-01,124.8,129.9
1989-10-01,125.4,130.6
1989-11-01,125.9,131.1
1989-12-01,126.3,131.6
1990-01-01,127.5,132.1
1990-02-01,128.0,132.7
1990-03-01,128.6,133.5
1990-04-01,128.9,134.0
1990-05-01,129.1,134.4
1990-06-01,129.9,135.1
1990-07-01,130.5,135.8
1990-08-01,131.6,136.6
1990-09-01,132.5,137.1
1990-10-01,133.4,137.6
1990-11-01,133.7,138.0
1990-12-01,134.2,138.6
1991-01-01,134.7,139.5
1991-02-01,134.8,140.2
1991-03-01,134.8,140.5
1991-04-01,135.1,140.9
1991-05-01,135.6,141.3
1991-06-01,136.0,141.8
1991-07-01,136.2,142.3
1991-08-01,136.6,142.9
1991-09-01,137.0,143.4
1991-10-01,137.2,143.7
1991-11-01,137.8,144.2
1991-12-01,138.2,144.7
1992-01-01,138.3,145.1
1992-02-01,138.6,145.4
1992-03-01,139.1,145.9
1992-04-01,139.4,146.3
1992-05-01,139.7,146.8
1992-06-01,140.1,147.1
1992-07-01,140.5,147.6
1992-08-01,140.8,147.9
1992-09-01,141.1,148.1
1992-10-01,141.7,148.8
1992-11-01,142.1,149.2
1992-12-01,142.3,149.6
1993-01-01,142.8,150.1
1993-02-01,143.1,150.6
1993-03-01,143.3,150.8
1993-04-01,143.8,151.4
1993-05-01,144.2,151.8
1993-06-01,144.3,152.1
1993-07-01,144.5,152.3
1993-08-01,144.8,152.8
1993-09-01,145.0,152.9
1993-10-01,145.6,153.4
1993-11-01,146.0,153.9
1993-12-01,146.3,154.3
1994-01-01,146.3,154.5
1994-02-01,146.7,154.8
1994-03-01,147.1,155.3
1994-04-01,147.2,155.5
1994-05-01,147.5,155.9
1994-06-01,147.9,156.4
1994-07-01,148.4,156.7
1994-08-01,149.0,157.1
1994-09-01,149.3,157.5
1994-10-01,149.4,157.8
1994-11-01,149.8,158.2
1994-12-01,150.1,158.3
1995-01-01,150.5,159.0
1995-02-01,150.9,159.4
1995-03-01,151.2,159.9
1995-04-01,151.8,160.4
1995-05-01,152.1,160.7
1995-06-01,152.4,161.1
1995-07-01,152.6,161.4
1995-08-01,152.9,161.8
1995-09-01,153.1,162.2
1995-10-01,153.5,162.7
1995-11-01,153.7,163.0
1995-12-01,153.9,163.1
1996-01-01,154.7,163.7
1996-02-01,155.0,164.0
1996-03-01,155.5,164.4
1996-04-01,156.1,164.6
1996-05-01,156.4,165.0
1996-06-01,156.7,165.4
1996-07-01,157.0,165.7
1996-08-01,157.2,166.0
1996-09-01,157.7,166.5
1996-10-01,158.2,166.8
1996-11-01,158.7,167.2
1996-12-01,159.1,167.4
1997-01-01,159.4,167.8
1997-02-01,159.7,168.1
1997-03-01,159.8,168.4
1997-04-01,159.9,168.9
1997-05-01,159.9,169.2
1997-06-01,160.2,169.4
1997-07-01,160.4,169.7
1997-08-01,160.8,169.8
1997-09-01,161.2,170.2
1997-10-01,161.5,170.6
1997-11-01,161.7,170.8
1997-12-01,161.8,171.2
1998-01-01,162.0,171.6
1998-02-01,162.0,171.9
1998-03-01,162.0,172.2
1998-04-01,162.2,172.5
1998-05-01,162.6,172.9
1998-06-01,162.8,173.2
1998-07-01,163.2,173.5
1998-08-01,163.4,174.0
1998-09-01,163.5,174.2
1998-10-01,163.9,174.4
1998-11-01,164.1,174.8
1998-12-01,164.4,175.4
1999-01-01,164.7,175.6
1999-02-01,164.7,175.6
1999-03-01,164.8,175.7
1999-04-01,165.9,176.3
1999-05-01,166.0,176.5
1999-06-01,166.0,176.6
1999-07-01,166.7,177.1
1999-08-01,167.1,177.3
1999-09-01,167.8,177.8
1999-10-01,168.1,178.1
1999-11-01,168.4,178.4
1999-12-01,168.8,178.7
2000-01-01,169.3,179.3
2000-02-01,170.0,179.4
2000-03-01,171.0,180.0
2000-04-01,170.9,180.3
2000-05-01,171.2,180.7
2000-06-01,172.2,181.1
2000-07-01,172.7,181.5
2000-08-01,172.7,181.9
2000-09-01,173.6,182.3
2000-10-01,173.9,182.6
2000-11-01,174.2,183.1
2000-12-01,174.6,183.3
2001-01-01,175.6,183.9
2001-02-01,176.0,184.4
2001-03-01,176.1,184.7
2001-04-01,176.4,185.1
2001-05-01,177.3,185.3
2001-06-01,177.7,186.0
2001-07-01,177.4,186.4
2001-08-01,177.4,186.7
2001-09-01,178.1,187.1
2001-10-01,177.6,187.4
2001-11-01,177.5,188.1
2001-12-01,177.4,188.4
2002-01-01,177.7,188.7
2002-02-01,178.0,189.1
2002-03-01,178.5,189.2
2002-04-01,179.3,189.7
2002-05-01,179.5,190.0
2002-06-01,179.6,190.2
2002-07-01,180.0,190.5
2002-08-01,180.5,191.1
2002-09-01,180.8,191.3
2002-10-01,181.2,191.5
2002-11-01,181.5,191.9
2002-12-01,181.8,192.1
2003-01-01,182.6,192.4
2003-02-01,183.6,192.5
2003-03-01,183.9,192.5
2003-04-01,183.2,192.5
2003-05-01,182.9,192.9
2003-06-01,183.1,193.0
2003-07-01,183.7,193.4
2003-08-01,184.5,193.6
2003-09-01,185.1,193.7
2003-10-01,184.9,194.0
2003-11-01,185.0,194.0
2003-12-01,185.5,194.2
2004-01-01,186.3,194.6
2004-02-01,186.7,194.9
2004-03-01,187.1,195.5
2004-04-01,187.4,195.9
2004-05-01,188.2,196.2
2004-06-01,188.9,196.6
2004-07-01,189.1,196.8
2004-08-01,189.2,196.9
2004-09-01,189.8,197.5
2004-10-01,190.8,197.9
2004-11-01,191.7,198.3
2004-12-01,191.7,198.6
2005-01-01,191.6,199.0
2005-02-01,192.4,199.4
2005-03-01,193.1,200.1
2005-04-01,193.7,200.2
2005-05-01,193.6,200.5
2005-06-01,193.7,200.6
2005-07-01,194.9,200.9
2005-08-01,196.1,201.1
2005-09-01,198.8,201.3
2005-10-01,199.1,202.0
2005-11-01,198.1,202.5
2005-12-01,198.1,202.8
2006-01-01,199.3,203.2
2006-02-01,199.4,203.6
2006-03-01,199.7,204.3
2006-04-01,200.7,204.8
2006-05-01,201.3,205.4
2006-06-01,201.8,205.9
2006-07-01,202.9,206.3
2006-08-01,203.8,206.8
2006-09-01,202.8,207.2
2006-10-01,201.9,207.6
2006-11-01,202.0,207.8
2006-12-01,203.1,208.1
2007-01-01,203.437,208.6
2007-02-01,204.226,209.135
2007-03-01,205.288,209.418
2007-04-01,205.904,209.747
2007-05-01,206.755,210.058
2007-06-01,207.234,210.392
2007-07-01,207.603,210.773
2007-08-01,207.667,211.119
2007-09-01,208.547,211.554
2007-10-01,209.19,212.077
2007-11-01,210.834,212.66
2007-12-01,211.445,213.168
2008-01-01,212.174,213.771
2008-02-01,212.687,213.939
2008-03-01,213.448,214.42
2008-04-01,213.942,214.56
2008-05-01,215.208,214.936
2008-06-01,217.463,215.424
2008-07-01,219.016,215.965
2008-08-01,218.69,216.393
2008-09-01,218.877,216.713
2008-10-01,216.995,216.788
2008-11-01,213.153,216.947
2008-12-01,211.398,216.925
2009-01-01,211.933,217.346
2009-02-01,212.705,217.792
2009-03-01,212.495,218.253
2009-04-01,212.709,218.706
2009-05-01,213.022,218.904
2009-06-01,214.79,219.112
2009-07-01,214.726,219.263
2009-08-01,215.445,219.496
2009-09-01,215.861,219.92
2009-10-01,216.509,220.501
2009-11-01,217.234,220.666
2009-12-01,217.347,220.881
2010-01-01,217.488,220.633
2010-02-01,217.281,220.731
2010-03-01,217.353,220.783
2010-04-01,217.403,220.822
2010-05-01,217.29,220.962
2010-06-01,217.199,221.194
2010-07-01,217.605,221.363
2010-08-01,217.923,221.509
2010-09-01,218.275,221.711
2010-10-01,219.035,221.83
2010-11-01,219.59,222.149
2010-12-01,220.472,222.343
2011-01-01,221.187,222.803
2011-02-01,221.898,223.213
2011-03-01,223.046,223.454
2011-04-01,224.093,223.727
2011-05-01,224.806,224.175
2011-06-01,224.806,224.697
2011-07-01,225.395,225.218
2011-08-01,226.106,225.862
2011-09-01,226.597,226.118
2011-10-01,226.75,226.506
2011-11-01,227.169,226.899
2011-12-01,227.223,227.405
2012-01-01,227.842,227.877
2012-02-01,228.329,228.034
2012-03-01,228.807,228.478
2012-04-01,229.187,228.905
2012-05-01,228.713,229.224
2012-06-01,228.524,229.623
2012-07-01,228.59,229.97
2012-08-01,229.918,230.233
2012-09-01,231.015,230.659
2012-10-01,231.638,231.024
2012-11-01,231.249,231.33
2012-12-01,231.221,231.725
2013-01-01,231.679,232.229
2013-02-01,232.937,232.569
2013-03-01,232.282,232.794
2013-04-01,231.797,232.832
2013-05-01,231.893,232.996
2013-06-01,232.445,233.35
2013-07-01,232.9,233.88
2013-08-01,233.456,234.336
2013-09-01,233.544,234.7
2013-10-01,233.669,234.921
2013-11-01,234.1,235.359
2013-12-01,234.719,235.759
2014-01-01,235.288,235.961
2014-02-01,235.547,236.185
2014-03-01,236.028,236.625
2014-04-01,236.468,237.072
2014-05-01,236.918,237.529
2014-06-01,237.231,237.837
2014-07-01,237.498,238.195
2014-08-01,237.46,238.405
2014-09-01,237.477,238.786
2014-10-01,237.43,239.191
2014-11-01,236.983,239.458
2014-12-01,236.252,239.584
2015-01-01,234.747,239.811
2015-02-01,235.342,240.172
2015-03-01,235.976,240.755
2015-04-01,236.222,241.346
2015-05-01,237.001,241.688
2015-06-01,237.657,242.064
2015-07-01,238.034,242.565
2015-08-01,238.033,242.817
2015-09-01,237.498,243.316
2015-10-01,237.733,243.768
2015-11-01,238.017,244.241
2015-12-01,237.761,244.547
2016-01-01,237.652,244.955
2016-02-01,237.336,245.51
2016-03-01,238.08,245.913
2016-04-01,238.992,246.551
2016-05-01,239.557,247.137
2016-06-01,240.222,247.54
2016-07-01,240.101,247.829
2016-08-01,240.545,248.423
2016-09-01,241.176,248.842
2016-10-01,241.741,249.142
2016-11-01,242.026,249.481
2016-12-01,242.637,249.92
2017-01-01,243.618,250.467
2017-02-01,244.006,250.998
2017-03-01,243.892,250.944
2017-04-01,244.193,251.227
2017-05-01,244.004,251.43
2017-06-01,244.163,251.746
2017-07-01,244.243,251.985
2017-08-01,245.183,252.535
2017-09-01,246.435,252.812
2017-10-01,246.626,253.526
2017-11-01,247.284,253.816
2017-12-01,247.805,254.344
2018-01-01,248.859,255.204
2018-02-01,249.529,255.711
2018-03-01,249.577,256.271
2018-04-01,250.227,256.63
2018-05-01,250.792,257.145
2018-06-01,251.018,257.399
2018-07-01,251.214,257.699
2018-08-01,251.663,257.891
2018-09-01,252.182,258.368
2018-10-01,252.772,258.917
2018-11-01,252.594,259.439
2018-12-01,252.767,260.063
2019-01-01,252.561,260.766
2019-02-01,253.319,261.186
2019-03-01,254.277,261.567
2019-04-01,255.233,261.997
2019-05-01,255.296,262.217
2019-06-01,255.213,262.739
2019-07-01,255.802,263.28
2019-08-01,256.036,263.877
2019-09-01,256.43,264.388
2019-10-01,257.155,264.97
2019-11-01,257.879,265.548
2019-12-01,258.63,266.02
2020-01-01,259.127,266.716
2020-02-01,259.25,267.37
2020-03-01,258.076,267.054
2020-04-01,256.032,265.746
2020-05-01,255.802,265.412
2020-06-01,257.042,265.849
2020-07-01,258.352,267.389
2020-08-01,259.316,268.422
2020-09-01,259.997,268.933
2020-10-01,260.319,269.306
2020-11-01,260.911,269.981
2020-12-01,262.045,270.341
2021-01-01,262.687,270.387
2021-02-01,263.579,270.793
2021-03-01,264.961,271.459
2021-04-01,266.614,273.66
2021-05-01,268.383,275.465
2021-06-01,270.654,277.651
2021-07-01,271.903,278.648
2021-08-01,272.676,278.997
2021-09-01,273.91,279.698
2021-10-01,276.55,281.668
2021-11-01,278.919,283.406
2021-12-01,280.845,285.18
2022-01-01,282.543,286.757
2022-02-01,284.5,288.273
2022-03-01,287.674,289.056
2022-04-01,288.561,290.514
2022-05-01,291.298,292.063
2022-06-01,294.957,294.05
2022-07-01,294.913,295.088
2022-08-01,295.097,296.535
2022-09-01,296.349,298.226
2022-10-01,298.007,299.399
2022-11-01,298.786,300.325
2022-12-01,298.832,301.394
2023-01-01,300.42,302.642
2023-02-01,301.45,304.123
2023-03-01,301.821,305.147
2023-04-01,302.845,306.534
2023-05-01,303.334,307.652
2023-06-01,304.014,308.322
2023-07-01,304.609,308.96
2023-08-01,306.082,309.58
2023-09-01,307.276,310.539
2023-10-01,307.696,311.457
2023-11-01,308.148,312.392
2023-12-01,308.741,313.195
2024-01-01,309.698,314.319
2024-02-01,310.967,315.564
2024-03-01,312.345,316.792
2024-04-01,313.023,317.649
2024-05-01,313.175,318.095
2024-06-01,313.044,318.39
2024-07-01,313.569,318.94
2024-08-01,314.062,319.75
2024-09-01,314.732,320.732
2024-10-01,315.631,321.731
2024-11-01,316.528,322.657
2024-12-01,317.604,323.259
2025-01-01,318.961,324.638
2025-02-01,319.679,325.465
2025-03-01,319.785,325.69
2025-04-01,320.302,326.467
2025-05-01,320.62,326.893
2025-06-01,321.435,327.658
2025-07-01,322.169,328.682
2025-08-01,323.291,329.7
2025-09-01,324.245,330.418
2025-10-01,,
2025-11-01,325.063,331.043
2025-12-01,326.031,331.814
2026-01-01,326.588,332.793
2026-02-01,327.46,333.512
2026-03-01,330.293,334.165
2026-04-01,332.407,335.423
2026-05-01,333.979,336.121
2026-06-01,332.568,336.065
2026-07-01,332.813,336.789
